bikepoint_id,terminal_name,station_name,lat,lon,capacity,installed,locked,temporary,terminal_num
1,001023,"River Street , Clerkenwell",51.529163,-0.10997,19,true,false,false,1023
2,001018,"Phillimore Gardens, Kensington",51.499606,-0.197574,37,true,false,false,1018
3,001012,"Christopher Street, Liverpool Street",51.521283,-0.084605,32,true,false,false,1012
4,001013,"St. Chad's Street, King's Cross",51.530059,-0.120973,23,true,false,false,1013
5,003420,"Sedding Street, Sloane Square",51.49313,-0.156876,27,true,false,false,3420
6,003424,"Broadcasting House, Marylebone",51.518117,-0.144228,18,true,false,false,3424
7,003422,"Charlbert Street, St. John's Wood",51.5343,-0.168074,16,true,false,false,3422
8,003423,"Maida Vale, Maida Vale",51.529857,-0.183486,39,true,false,false,3423
9,001015,"New Globe Walk, Bankside",51.507385,-0.09644,19,true,false,false,1015
10,001024,"Park Street, Bankside",51.505974,-0.092754,18,true,false,false,1024
11,001022,"Brunswick Square, Bloomsbury",51.523951,-0.122502,24,true,false,false,1022
12,000980,"Malet Street, Bloomsbury",51.52168,-0.130431,49,true,false,false,980
13,000970,"Scala Street, Fitzrovia",51.519914,-0.136039,21,true,false,false,970
14,001011,"Argyle Street, Kings Cross",51.529416,-0.123944,45,true,false,false,1011
15,000988,"Great Russell Street, Bloomsbury",51.517727,-0.127854,26,true,false,false,988
16,001010,"Cartwright Gardens , Bloomsbury",51.526357,-0.125979,21,true,false,false,1010
17,001008,"Hatton Wall, Holborn",51.521661,-0.109006,26,true,false,false,1008
18,001007,"Drury Lane, Covent Garden",51.51477,-0.122219,27,true,false,false,1007
19,001009,"Taviton Street, Bloomsbury",51.52505,-0.131161,30,true,false,false,1009
20,000993,"Drummond Street , Euston",51.527326,-0.136052,28,true,false,false,993
21,003426,"Lansdowne Drive, Hackney Central",51.539834,-0.062806,26,true,false,false,3426
22,003425,"Northington Street , Holborn",51.522264,-0.114079,19,true,false,false,3425
23,003421,"Red Lion Square, Holborn",51.519435,-0.119123,16,true,false,false,3421
24,000981,"British Museum, Bloomsbury",51.51908,-0.124678,35,true,false,false,981
25,001004,"Doric Way , Somers Town",51.528833,-0.13225,50,true,false,false,1004
26,001019,"Ampton Street , Clerkenwell",51.52728,-0.118295,21,true,false,false,1019
28,001025,"Bolsover Street, Fitzrovia",51.523518,-0.143613,19,true,false,false,1025
29,001016,"Hereford Road, Bayswater",51.513735,-0.193487,22,true,false,false,1016
30,001029,"Windsor Terrace, Hoxton",51.529154,-0.093421,24,true,false,false,1029
31,003427,"Fanshaw Street, Hoxton",51.529537,-0.083353,36,true,false,false,3427
33,003430,"Central House, Aldgate",51.515231,-0.07015,24,true,false,false,3430
34,003428,"Pancras Road, King's Cross",51.534123,-0.129386,16,true,false,false,3428
36,003446,"De Vere Gardens, Kensington",51.501737,-0.18498,28,true,false,false,3446
37,003444,"Penywern Road, Earl's Court",51.491593,-0.192369,17,true,false,false,3444
38,003442,"Abingdon Villas, Kensington",51.497387,-0.197245,17,true,false,false,3442
39,003445,"Shoreditch High Street, Shoreditch",51.526377,-0.07813,41,true,false,false,3445
40,001083,"Commercial Street, Shoreditch",51.52127,-0.075578,16,true,false,false,1083
41,001084,"Pindar Street, Liverpool Street",51.520955,-0.083493,24,true,false,false,1084
42,000979,"Wenlock Road , Hoxton",51.530991,-0.093903,28,true,false,false,979
43,001036,"Crawford Street, Marylebone",51.52026,-0.157183,18,true,false,false,1036
44,001034,"Bruton Street, Mayfair",51.510736,-0.144165,21,true,false,false,1034
45,001035,"Boston Place, Marylebone",51.522511,-0.162298,26,true,false,false,1035
46,001031,"Nesham Street, Wapping",51.507131,-0.06691,16,true,false,false,1031
47,001027,"Warwick Avenue Station, Maida Vale",51.523344,-0.183846,19,true,false,false,1027
48,000971,"Godliman Street, St. Paul's",51.512484,-0.099141,25,true,false,false,971
49,003437,"Curzon Street, Mayfair",51.507069,-0.145904,16,true,false,false,3437
50,001054,"East Road, Hoxton",51.528673,-0.087459,27,true,false,false,1054
51,000986,"Finsbury Library , Finsbury",51.526717,-0.104298,29,true,false,false,986
52,001026,"Roscoe Street, St. Luke's",51.522954,-0.094934,18,true,false,false,1026
53,003431,"Grafton Street, Mayfair",51.509992,-0.143495,18,true,false,false,3431
54,000967,"Golden Lane, Barbican",51.521747,-0.094475,27,true,false,false,967
55,000984,"Finsbury Circus, Liverpool Street",51.517075,-0.086685,33,true,false,false,984
56,001033,"Paddington Street, Marylebone",51.520583,-0.154701,16,true,false,false,1033
57,000974,"Guilford Street , Bloomsbury",51.523346,-0.120202,32,true,false,false,974
58,001032,"New Inn Yard, Shoreditch",51.524526,-0.079248,20,true,false,false,1032
60,001030,"Lisson Grove, St. John's Wood",51.526448,-0.17219,18,true,false,false,1030
61,001017,"Great Dover Street, The Borough",51.497382,-0.089446,33,true,false,false,1017
62,000990,"Cotton Garden Estate, Kennington",51.490757,-0.106323,24,true,false,false,990
63,000989,"Murray Grove , Hoxton",51.53089,-0.089782,27,true,false,false,989
64,001028,"William IV Street, Strand",51.509462,-0.124749,26,true,false,false,1028
65,000969,"Gower Place , Euston",51.525227,-0.135188,17,true,false,false,969
66,000982,"Holborn Circus, Holborn",51.51795,-0.108657,40,true,false,false,982
67,000985,"Hatton Garden, Holborn",51.518825,-0.108028,28,true,false,false,985
68,000975,"Theobald's Road , Holborn",51.520596,-0.116688,26,true,false,false,975
69,000983,"Euston Road, Euston",51.526236,-0.134407,24,true,false,false,983
70,001066,"Calshot Street , King's Cross",51.53136,-0.117069,24,true,false,false,1066
71,001074,"Newgate Street , St. Paul's",51.515768,-0.099894,35,true,false,false,1074
72,003432,"Farringdon Lane, Clerkenwell",51.52352,-0.10834,16,true,false,false,3432
73,001064,"Old Street Station, St. Luke's",51.525615,-0.088532,34,true,false,false,1064
74,001000,"Vauxhall Cross, Vauxhall",51.485917,-0.124469,17,true,false,false,1000
75,001060,"Torrens Street, Angel",51.532199,-0.10548,19,true,false,false,1060
76,000976,"Longford Street, The Regent's Park",51.525595,-0.144083,21,true,false,false,976
77,000978,"Russell Square Station, Bloomsbury",51.523418,-0.124121,26,true,false,false,978
78,003433,"Sadlers Sports Centre, Finsbury",51.524868,-0.099489,17,true,false,false,3433
79,003455,"Arundel Street, Temple",51.511726,-0.113855,18,true,false,false,3455
80,003448,"Webber Street , Southwark",51.500693,-0.102091,45,true,false,false,3448
81,003450,"Great Titchfield Street, Fitzrovia",51.520253,-0.141327,19,true,false,false,3450
83,003452,"Panton Street, West End",51.509639,-0.13151,21,true,false,false,3452
84,003449,"Breams Buildings, Holborn",51.515937,-0.111778,25,true,false,false,3449
85,000994,"Tanner Street, Bermondsey",51.500647,-0.0786,41,true,false,false,994
86,003434,"Sancroft Street, Vauxhall",51.489479,-0.115156,24,true,false,false,3434
87,003438,"Devonshire Square, Liverpool Street",51.516468,-0.079684,16,true,false,false,3438
88,001006,"Percy Street, Bloomsbury",51.51863,-0.132676,29,true,false,false,1006
89,003439,"Tavistock Place, Bloomsbury",51.52625,-0.123509,19,true,false,false,3439
90,001038,"Harrington Square 1, Camden Town",51.533019,-0.139174,27,true,false,false,1038
91,001076,"Walnut Tree Walk, Vauxhall",51.493686,-0.111014,20,true,false,false,1076
92,001082,"Borough Road, Elephant & Castle",51.498898,-0.10044,41,true,false,false,1082
93,002586,"Cloudesley Road, Angel",51.534408,-0.109025,37,true,false,false,2586
94,001070,"Bricklayers Arms, Borough",51.495061,-0.085814,28,true,false,false,1070
95,001065,"Aldersgate Street, Barbican",51.520841,-0.09734,15,true,false,false,1065
96,001047,"Falkirk Street, Hoxton",51.53095,-0.078505,26,true,false,false,1047
97,003447,"Gloucester Road (North), Kensington",51.497924,-0.183834,18,true,false,false,3447
98,000972,"Hampstead Road, Euston",51.525542,-0.138231,54,true,false,false,972
101,000999,"Queen Street 1, Bank",51.511553,-0.09294,22,true,false,false,999
102,001045,"Jewry Street, Aldgate",51.513406,-0.076793,17,true,false,false,1045
103,003441,"Vicarage Gate, Kensington",51.504723,-0.192538,18,true,false,false,3441
104,000991,"Crosswall, Tower",51.511594,-0.077121,34,true,false,false,991
105,001041,"Westbourne Grove, Bayswater",51.515529,-0.19024,26,true,false,false,1041
106,001042,"Woodstock Street, Mayfair",51.514105,-0.147301,21,true,false,false,1042
107,001049,"Finsbury Leisure Centre, St. Luke's",51.526008,-0.096317,20,true,false,false,1049
109,001052,"Soho Square , Soho",51.515631,-0.132328,57,true,false,false,1052
110,001055,"Wellington Road, St. John's Wood",51.533043,-0.172528,17,true,false,false,1055
111,001037,"Park Lane , Hyde Park",51.510017,-0.157275,28,true,false,false,1037
112,001061,"Stonecutter Street, Holborn",51.515809,-0.10527,21,true,false,false,1061
113,003435,"Gloucester Road (Central), South Kensington",51.496462,-0.183289,19,true,false,false,3435
114,001050,"Park Road (Baker Street), The Regent's Park",51.524517,-0.158963,22,true,false,false,1050
115,001062,"Braham Street, Aldgate",51.514233,-0.073537,34,true,false,false,1062
116,000995,"Little Argyll Street, West End",51.514499,-0.141423,21,true,false,false,995
117,000998,"Lollard Street, Vauxhall",51.49288,-0.114934,25,true,false,false,998
118,003457,"Rochester Row, Westminster",51.495827,-0.135478,13,true,false,false,3457
119,000964,"Bath Street, St. Luke's",51.525893,-0.090847,18,true,false,false,964
120,001044,"The Guildhall, Guildhall",51.515735,-0.09308,17,true,false,false,1044
121,001086,"Baker Street, Marylebone",51.518913,-0.156166,22,true,false,false,1086
123,000992,"St. John Street, Finsbury",51.52836,-0.104724,18,true,false,false,992
124,001069,"Eaton Square, Belgravia",51.496544,-0.150905,18,true,false,false,1069
125,000996,"Borough High Street, The Borough",51.500694,-0.094524,21,true,false,false,996
126,001043,"Museum of London, Barbican",51.517821,-0.096496,52,true,false,false,1043
127,001063,"Wood Street, Guildhall",51.517008,-0.093885,17,true,false,false,1063
128,001116,"Emperor's Gate, South Kensington",51.495362,-0.185296,22,true,false,false,1116
129,003451,"Golden Square, Soho",51.511897,-0.137043,18,true,false,false,3451
130,001071,"Tower Gardens , Tower",51.509506,-0.075459,24,true,false,false,1071
131,001005,"Eversholt Street , Camden Town",51.533005,-0.136792,16,true,false,false,1005
132,000973,"Bethnal Green Road, Shoreditch",51.523648,-0.074754,38,true,false,false,973
133,003436,"Derry Street, Kensington",51.501364,-0.191462,18,true,false,false,3436
134,001039,"Wapping High Street, Wapping",51.504904,-0.06797,20,true,false,false,1039
135,001053,"Clerkenwell Green, Clerkenwell",51.52326,-0.104708,21,true,false,false,1053
136,001048,"Queen Victoria Street, St. Paul's",51.511961,-0.097441,32,true,false,false,1048
138,003464,"Green Street, Mayfair",51.512276,-0.157436,19,true,false,false,3464
139,001078,"Lambeth Road, Vauxhall",51.494881,-0.117974,18,true,false,false,1078
140,001056,"Finsbury Square , Moorgate",51.520962,-0.085634,33,true,false,false,1056
141,001003,"Chapel Place, Marylebone",51.515308,-0.147203,29,true,false,false,1003
142,001001,"West Cromwell Road, Earl's Court",51.493724,-0.198286,24,true,false,false,1001
143,001114,"Pont Street, Knightsbridge",51.496886,-0.161203,24,true,false,false,1114
144,001093,"Kennington Cross, Kennington",51.48894,-0.111435,47,true,false,false,1093
145,001115,"Ilchester Place, Kensington",51.500743,-0.202759,24,true,false,false,1115
146,001046,"Vauxhall Bridge , Pimlico",51.488365,-0.129361,35,true,false,false,1046
147,003456,"Portugal Street, Holborn",51.514943,-0.116146,16,true,false,false,3456
148,000965,"Tachbrook Street, Victoria",51.492111,-0.138364,16,true,false,false,965
149,001073,"Kennington Road Post Office, Oval",51.484788,-0.110683,18,true,false,false,1073
150,001002,"Holy Trinity Brompton, Knightsbridge",51.497056,-0.168917,28,true,false,false,1002
151,001120,"Chepstow Villas, Notting Hill",51.512136,-0.201554,26,true,false,false,1120
152,001118,"Hampton Street, Walworth",51.49217,-0.101536,21,true,false,false,1118
153,001096,"Bayswater Road, Hyde Park",51.511933,-0.174411,27,true,false,false,1096
154,001072,"Waterloo Station 3, Waterloo",51.503791,-0.112824,35,true,false,false,1072
155,001121,"Lexham Gardens, Kensington",51.495866,-0.191933,19,true,false,false,1121
156,000966,"New Kent Road, The Borough",51.494436,-0.092921,33,true,false,false,966
157,001094,"Wright's Lane, Kensington",51.500397,-0.193068,37,true,false,false,1094
158,001113,"Trebovir Road, Earl's Court",51.490853,-0.19617,18,true,false,false,1113
160,003458,"Waterloo Place, St. James's",51.506633,-0.131773,20,true,false,false,3458
162,001123,"Southampton Place, Holborn",51.517606,-0.121328,20,true,false,false,1123
163,003461,"Sloane Avenue, Knightsbridge",51.493184,-0.167894,27,true,false,false,3461
164,001178,"Cleveland Gardens, Bayswater",51.515607,-0.183118,16,true,false,false,1178
165,002585,"Orsett Terrace, Bayswater",51.517932,-0.183716,15,true,false,false,2585
166,001177,"Seville Street, Knightsbridge",51.501855,-0.159237,27,true,false,false,1177
167,003465,"Eccleston Place, Victoria",51.49395,-0.147624,19,true,false,false,3465
168,003463,"Argyll Road, Kensington",51.500401,-0.195455,19,true,false,false,3463
169,003477,"Porchester Place, Paddington",51.514746,-0.165164,18,true,false,false,3477
170,001057,"Hardwick Street, Clerkenwell",51.527842,-0.108068,30,true,false,false,1057
171,003459,"Collingham Gardens, Earl's Court",51.491615,-0.186753,14,true,false,false,3459
172,001124,"Sumner Place, South Kensington",51.491211,-0.173715,19,true,false,false,1124
173,001176,"Waterloo Road, South Bank",51.50486,-0.113001,15,true,false,false,1176
175,000997,"Worship Street, Shoreditch",51.521668,-0.079608,51,true,false,false,997
176,001173,"Gloucester Terrace, Bayswater",51.517919,-0.188098,23,true,false,false,1173
177,001122,"Ashley Place, Victoria",51.49616,-0.140947,25,true,false,false,1122
178,003460,"Warwick Square, Pimlico",51.489856,-0.141923,19,true,false,false,3460
180,001126,"North Audley Street, Mayfair",51.512911,-0.153645,17,true,false,false,1126
181,003473,"Belgrave Square, Belgravia",51.499412,-0.152317,21,true,false,false,3473
182,001166,"Bell Street , Marylebone",51.522029,-0.165842,18,true,false,false,1166
183,001165,"Riverlight North, Nine Elms",51.482362,-0.136123,24,true,false,false,1165
184,001164,"Portland Place, Marylebone",51.520715,-0.145211,34,true,false,false,1164
185,001174,"Alderney Street, Pimlico",51.488057,-0.140741,14,true,false,false,1174
186,001167,"South Wharf Road, Paddington",51.517335,-0.17581,16,true,false,false,1167
187,001172,"Queen's Gate (South), South Kensington",51.492479,-0.178433,25,true,false,false,1172
188,001112,"Nutford Place, Marylebone",51.516517,-0.164393,18,true,false,false,1112
189,001104,"Claremont Square, Angel",51.531666,-0.109914,18,true,false,false,1104
190,001106,"Rampayne Street, Pimlico",51.489975,-0.132845,21,true,false,false,1106
191,001075,"Hyde Park Corner, Hyde Park",51.503117,-0.15352,36,true,false,false,1075
192,001163,"Wardour Street, Soho",51.512515,-0.133201,16,true,false,false,1163
193,000963,"Bankside Mix, Bankside",51.505817,-0.100186,60,true,false,false,963
194,000960,"Hop Exchange, The Borough",51.504627,-0.091773,55,true,false,false,960
195,000959,"Milroy Walk, South Bank",51.507244,-0.106237,30,true,false,false,959
196,000961,"Union Street, The Borough",51.503688,-0.098497,17,true,false,false,961
197,000962,"Stamford Street, South Bank",51.505569,-0.111606,27,true,false,false,962
199,001080,"Great Tower Street, Monument",51.510484,-0.082989,24,true,false,false,1080
200,001105,"LMU Commercial Road, Whitechapel",51.514924,-0.066078,14,true,false,false,1105
201,001162,"Dorset Square, Marylebone",51.522596,-0.161113,16,true,false,false,1162
202,001102,"Leman Street, Aldgate",51.512363,-0.069542,37,true,false,false,1102
203,001040,"West Smithfield Rotunda, Farringdon",51.518218,-0.100791,15,true,false,false,1040
204,003468,"Margery Street, Clerkenwell",51.526599,-0.112432,19,true,false,false,3468
206,001171,"New Road 1 , Whitechapel",51.518154,-0.062697,36,true,false,false,1171
207,001169,"Grosvenor Crescent, Belgravia",51.501352,-0.153194,18,true,false,false,1169
208,001175,"Mallory Street, Marylebone",51.525051,-0.166304,20,true,false,false,1175
209,003454,"Denyer Street, Knightsbridge",51.493583,-0.165101,30,true,false,false,3454
210,003476,"Hinde Street, Marylebone",51.516814,-0.151926,21,true,false,false,3476
211,003469,"Cadogan Place, Knightsbridge",51.494645,-0.158105,34,true,false,false,3469
212,003487,"Campden Hill Road, Notting Hill",51.506584,-0.199004,17,true,false,false,3487
213,001109,"Wellington Arch, Hyde Park",51.50274,-0.149569,36,true,false,false,1109
214,001079,"Endsleigh Gardens, Euston",51.526838,-0.130504,32,true,false,false,1079
215,001092,"Moorfields, Moorgate",51.519069,-0.088285,54,true,false,false,1092
216,003479,"Old Brompton Road, South Kensington",51.490945,-0.18119,30,true,false,false,3479
217,002587,"Wormwood Street, Liverpool Street",51.516154,-0.082422,16,true,false,false,2587
218,003486,"St. Luke's Church, Chelsea",51.489716,-0.170194,20,true,false,false,3486
219,001183,"Bramham Gardens, Earl's Court",51.490163,-0.190393,29,true,false,false,1183
220,001179,"Chelsea Green, Chelsea",51.490664,-0.166485,15,true,false,false,1179
221,001170,"Horseferry Road, Westminster",51.494816,-0.130458,16,true,false,false,1170
222,001101,"Knightsbridge, Hyde Park",51.502757,-0.155349,43,true,false,false,1101
223,003481,"Rodney Road , Walworth",51.491484,-0.09022,24,true,false,false,3481
224,001150,"Queensway, Kensington Gardens",51.51031,-0.187402,17,true,false,false,1150
225,001182,"Notting Hill Gate Station, Notting Hill",51.509353,-0.196422,30,true,false,false,1182
226,003488,"Charles II Street, West End",51.508446,-0.131961,24,true,false,false,3488
227,003470,"Great Percy Street, Clerkenwell",51.528915,-0.11548,23,true,false,false,3470
228,001067,"St. James's Square, St. James's",51.507424,-0.134621,40,true,false,false,1067
229,001151,"Whitehall Place, Strand",51.506543,-0.123179,46,true,false,false,1151
230,001144,"Poured Lines, Bankside",51.506692,-0.103137,31,true,false,false,1144
231,001089,"Queen's Gate (Central), South Kensington",51.493967,-0.178732,31,true,false,false,1089
232,001139,"Carey Street, Holborn",51.51501,-0.112753,16,true,false,false,1139
233,001153,"Pall Mall East, West End",51.50777,-0.130699,22,true,false,false,1153
234,001081,"Liverpool Road (N1 Centre), Angel",51.534504,-0.106992,24,true,false,false,1081
235,001154,"Kennington Road, Vauxhall",51.495718,-0.110889,36,true,false,false,1154
236,003483,"Fashion Street, Whitechapel",51.51838,-0.073438,30,true,false,false,3483
237,003467,"Dock Street, Wapping",51.509786,-0.068161,30,true,false,false,3467
238,001099,"Frampton Street, Paddington",51.523353,-0.175116,32,true,false,false,1099
239,001090,"Warren Street Station, Euston",51.524438,-0.138019,26,true,false,false,1090
240,003472,"Colombo Street, Southwark",51.505459,-0.105692,14,true,false,false,3472
242,003482,"Beaumont Street, Marylebone",51.522008,-0.151359,23,true,false,false,3482
243,001103,"Gloucester Street, Pimlico",51.490962,-0.139625,25,true,false,false,1103
244,001145,"Bucknall Street, Covent Garden",51.51615,-0.128417,18,true,false,false,1145
245,001140,"Grosvenor Road, Pimlico",51.485357,-0.142207,29,true,false,false,1140
246,001159,"Berry Street, Clerkenwell",51.522853,-0.099994,41,true,false,false,1159
247,001091,"St. John's Wood Church, The Regent's Park",51.530529,-0.167515,50,true,false,false,1091
248,001088,"Triangle Car Park, Hyde Park",51.506451,-0.170279,27,true,false,false,1088
249,001137,"Harper Road, The Borough",51.498597,-0.096191,42,true,false,false,1137
250,003440,"Royal Avenue 1, Chelsea",51.489932,-0.162727,10,true,false,false,3440
251,001161,"Brushfield Street, Liverpool Street",51.518908,-0.079249,34,true,false,false,1161
253,001051,"Shoreditch Park, Hoxton",51.534042,-0.086379,30,true,false,false,1051
254,003471,"Chadwell Street, Angel",51.530515,-0.106408,18,true,false,false,3471
255,001147,"Clifton Road, Maida Vale",51.525575,-0.179592,22,true,false,false,1147
256,003484,"Houghton Street, Strand",51.51362,-0.116764,15,true,false,false,3484
257,001194,"Westminster University, Marylebone",51.522481,-0.154907,16,true,false,false,1194
258,001193,"Kensington Gore, Knightsbridge",51.501432,-0.178656,23,true,false,false,1193
259,001180,"Bourne Street, Belgravia",51.490959,-0.153233,16,true,false,false,1180
260,003489,"Broadwick Street, Soho",51.513684,-0.13558,18,true,false,false,3489
261,003491,"Princes Square, Bayswater",51.513489,-0.191351,16,true,false,false,3491
262,001095,"LSBU (Borough Road), Elephant & Castle",51.498744,-0.103132,35,true,false,false,1095
263,001184,"St. Mary Axe, Aldgate",51.514225,-0.08066,21,true,false,false,1184
264,001146,"Tysoe Street, Clerkenwell",51.526443,-0.109256,20,true,false,false,1146
265,003490,"Southwick Street, Paddington",51.515953,-0.169249,17,true,false,false,3490
266,001204,"Queen's Gate (North), Kensington",51.501026,-0.180246,41,true,false,false,1204
268,001087,"Belgrave Road, Victoria",51.493204,-0.144132,29,true,false,false,1087
269,001209,"Empire Square, The Borough",51.500823,-0.08974,46,true,false,false,1209
271,001136,"London Zoo,  The Regent's Park",51.535836,-0.156285,32,true,false,false,1136
272,001133,"Baylis Road, Waterloo",51.501444,-0.110699,22,true,false,false,1133
273,001186,"Belvedere Road 1, South Bank",51.506133,-0.114686,38,true,false,false,1186
274,001134,"Warwick Road, Olympia",51.496712,-0.205284,36,true,false,false,1134
275,001191,"Barbican Centre, Barbican",51.520044,-0.092176,19,true,false,false,1191
276,001098,"Lower Thames Street, Monument",51.509301,-0.084985,24,true,false,false,1098
277,001143,"Kensington Church Street, Kensington",51.503157,-0.191496,17,true,false,false,1143
278,001142,"Tooley Street, Bermondsey",51.503493,-0.07962,27,true,false,false,1142
279,001108,"North Wharf Road, Paddington",51.518623,-0.176603,23,true,false,false,1108
280,003462,"Royal Avenue 2, Chelsea",51.490083,-0.162418,10,true,false,false,3462
281,003480,"Smith Square, Westminster",51.495805,-0.127575,18,true,false,false,3480
282,001077,"Royal London Hospital, Whitechapel",51.518675,-0.06111,42,true,false,false,1077
283,001141,"Kingsway, Covent Garden",51.514409,-0.118478,16,true,false,false,1141
284,001117,"Lambeth North Station, Waterloo",51.49914,-0.112031,20,true,false,false,1117
286,001187,"St. John's Wood Road, St. John's Wood",51.527294,-0.174653,35,true,false,false,1187
287,001156,"Bedford Way, Bloomsbury",51.523673,-0.128377,23,true,false,false,1156
288,001138,"Elizabeth Bridge, Victoria",51.492369,-0.147478,34,true,false,false,1138
289,003493,"South Audley Street, Mayfair",51.50923,-0.151289,15,true,false,false,3493
290,003496,"St Mary's Hospital, Paddington",51.518268,-0.171103,20,true,false,false,3496
291,001135,"Claverton Street, Pimlico",51.484839,-0.138089,32,true,false,false,1135
292,001206,"Montpelier Street, Knightsbridge",51.498884,-0.165471,16,true,false,false,1206
293,001214,"Kensington Olympia Station, Olympia",51.498157,-0.209494,25,true,false,false,1214
294,001195,"St. George's Square, Pimlico",51.488226,-0.135635,16,true,false,false,1195
295,001216,"Swan Street, The Borough",51.500296,-0.092762,27,true,false,false,1216
296,200069,"Knaresborough Place, Earl's Court",51.493631,-0.190603,18,true,false,false,200069
297,003498,"Geraldine Street, Elephant & Castle",51.496127,-0.106,17,true,false,false,3498
298,001213,"Curlew Street, Shad Thames",51.502279,-0.074189,21,true,false,false,1213
299,001196,"Vincent Square, Westminster",51.493985,-0.136928,19,true,false,false,1196
300,001217,"Serpentine Car Park, Hyde Park",51.505014,-0.17306,18,true,false,false,1217
302,003492,"Putney Pier, Wandsworth",51.466907,-0.216573,28,true,false,false,3492
303,001132,"Albert Gate, Hyde Park",51.502953,-0.158456,34,true,false,false,1132
306,003497,"Rathbone Street, Fitzrovia",51.518162,-0.135025,16,true,false,false,3497
307,001157,"Black Lion Gate, Kensington Gardens",51.509908,-0.187842,24,true,false,false,1157
308,001189,"Long Lane , Bermondsey",51.499075,-0.085666,20,true,false,false,1189
309,001192,"Embankment (Savoy), Strand",51.509631,-0.119047,41,true,false,false,1192
310,001205,"Black Prince Road, Vauxhall",51.490867,-0.116911,19,true,false,false,1205
311,003494,"Foley Street, Fitzrovia",51.519181,-0.140485,24,true,false,false,3494
312,001130,"Grove End Road, St. John's Wood",51.530889,-0.17677,20,true,false,false,1130
313,003495,"Wells Street, Fitzrovia",51.517344,-0.138072,38,true,false,false,3495
314,003485,"Tyers Gate, Bermondsey",51.500889,-0.083159,36,true,false,false,3485
315,001199,"The Tennis Courts, The Regent's Park",51.525367,-0.153463,16,true,false,false,1199
316,000968,"Warwick Row, Westminster",51.497998,-0.14296,21,true,false,false,968
317,001208,"Dickens Square, Borough",51.496791,-0.093913,32,true,false,false,1208
318,001197,"Sackville Street, Mayfair",51.510048,-0.138846,18,true,false,false,1197
319,003500,"Baldwin Street, St. Luke's",51.527025,-0.088542,21,true,false,false,3500
320,001148,"Queen Mother Sports Centre, Victoria",51.493573,-0.139956,26,true,false,false,1148
321,002637,"Bermondsey Street, Bermondsey",51.497855,-0.081608,24,true,false,false,2637
322,003502,"Palissy Street, Shoreditch",51.526293,-0.073955,26,true,false,false,3502
323,003501,"Clifton Street, Shoreditch",51.523196,-0.083067,24,true,false,true,3501
324,001200,"Ontario Street, Elephant & Castle",51.49652,-0.101384,15,true,false,false,1200
326,001131,"Graham Street, Angel",51.532661,-0.099981,26,true,false,false,1131
327,001128,"Westbourne Green, Westbourne",51.522168,-0.192814,21,true,false,false,1128
328,002641,"New North Road 2, Hoxton",51.53114,-0.086016,22,true,false,false,2641
329,002636,"Prince Albert Road, The Regent's Park",51.535892,-0.160854,24,true,false,false,2636
330,001203,"Eastbourne Mews, Paddington",51.516417,-0.179135,34,true,false,false,1203
331,001211,"Bunhill Row, Moorgate",51.520858,-0.089887,30,true,false,false,1211
332,001210,"Nevern Place, Earl's Court",51.493343,-0.194757,20,true,false,false,1210
333,002633,"Palace Gardens Terrace, Notting Hill",51.508605,-0.193764,37,true,false,false,2633
334,002635,"Agar Grove, Camden Town",51.542891,-0.132253,18,true,false,false,2635
335,001207,"Tavistock Street, Covent Garden",51.511968,-0.120718,33,true,false,false,1207
336,001212,"Concert Hall Approach, South Bank",51.504841,-0.115153,30,true,false,false,1212
337,002589,"Pembridge Villas, Notting Hill",51.511084,-0.197524,16,true,false,false,2589
338,001202,"Wellington Street , Strand",51.511756,-0.119643,24,true,false,false,1202
340,001201,"Bank of England Museum, Bank",51.514441,-0.087587,16,true,false,false,1201
341,001160,"Craven Street, Strand",51.508103,-0.126021,23,true,false,false,1160
344,001222,"Goswell Road (City Uni), Finsbury",51.528246,-0.101026,16,true,false,false,1222
345,001218,"Flood Street, Chelsea",51.488023,-0.166878,33,true,false,false,1218
348,010627,"Grosvenor Square, Mayfair",51.51217,-0.150481,17,true,false,false,10627
349,001221,"St. George Street, Mayfair",51.51196,-0.142783,18,true,false,false,1221
350,001231,"Queen's Gate, Kensington Gardens",51.501715,-0.179854,21,true,false,false,1231
351,001226,"Macclesfield Rd, St Lukes",51.529423,-0.097122,28,true,false,false,1226
352,001224,"Vauxhall Street, Vauxhall",51.486965,-0.116625,19,true,false,false,1224
353,010623,"Greycoat Street , Westminster",51.494591,-0.134234,17,true,false,false,10623
354,001097,"Northumberland Avenue, Strand",51.506767,-0.123702,37,true,false,false,1097
355,002694,"Clapham Common Station, Clapham Common",51.461388,-0.139221,21,true,false,false,2694
356,002685,"South Kensington Station, South Kensington",51.494412,-0.173881,15,true,false,false,2685
357,002691,"Howland Street, Fitzrovia",51.520994,-0.139016,30,true,false,false,2691
358,001229,"High Holborn , Covent Garden",51.516398,-0.124257,20,true,false,false,1229
359,002662,"Butler Place, Westminster",51.497829,-0.13544,18,true,false,false,2662
360,002666,"Howick Place, Westminster",51.496753,-0.138733,27,true,false,false,2666
361,002692,"Waterloo Station 2, Waterloo",51.503919,-0.113426,55,true,false,false,2692
362,002686,"Royal College Street, Camden Town",51.536264,-0.133952,57,true,false,false,2686
363,002665,"Lord's, St. John's Wood",51.529121,-0.171185,24,true,false,false,2665
364,003507,"Store Street, Bloomsbury",51.519572,-0.13214,32,true,false,false,3507
365,002690,"City Road, Angel",51.530344,-0.100168,47,true,false,false,2690
367,002680,"Harrowby Street, Marylebone",51.517372,-0.164207,16,true,false,false,2680
368,002681,"Lowndes Square, Knightsbridge",51.50058,-0.158837,23,true,false,false,2681
370,002670,"Paddington Green, Paddington",51.520205,-0.174593,20,true,false,false,2670
371,002639,"Brockwell Lido, Brixton",51.453118,-0.104955,30,true,false,false,2639
372,002649,"Sardinia Street, Holborn",51.515208,-0.117863,24,true,false,false,2649
373,003499,"Prince Consort Road, Knightsbridge",51.499806,-0.176415,18,true,false,false,3499
374,002696,"Waterloo Station 1, Waterloo",51.504027,-0.113864,36,true,false,false,2696
375,010632,"Kensington Town Hall, Kensington",51.501945,-0.194392,18,true,false,false,10632
376,002683,"Millbank Tower, Pimlico",51.491884,-0.125674,24,true,false,false,2683
377,002648,"Waterloo Bridge, South Bank",51.505354,-0.113656,15,true,false,false,2648
378,002677,"Natural History Museum, South Kensington",51.495592,-0.179077,42,true,false,false,2677
379,002682,"Turquoise Island, Notting Hill",51.514311,-0.200838,21,true,false,false,2682
380,003506,"Stanhope Gate, Mayfair",51.506864,-0.150666,21,true,false,false,3506
381,002669,"Charlotte Street, Fitzrovia",51.51953,-0.135777,14,true,false,false,2669
382,002678,"Farm Street, Mayfair",51.509351,-0.147449,15,true,false,false,2678
383,002660,"Frith Street, Soho",51.513103,-0.131213,18,true,false,false,2660
384,003505,"Marloes Road, Kensington",51.496481,-0.192404,15,true,false,false,3505
386,003504,"Moor Street, Soho",51.513527,-0.13011,16,true,false,false,3504
387,002703,"Fire Brigade Pier, Vauxhall",51.493699,-0.121394,30,true,false,false,2703
388,001228,"Southampton Street, Strand",51.510701,-0.121723,14,true,false,false,1228
389,010621,"Upper Grosvenor Street, Mayfair",51.51013,-0.155757,18,true,false,false,10621
390,001223,"Buxton Street 1, Shoreditch",51.521776,-0.068856,41,true,false,false,1223
391,002688,"Clifford Street, Mayfair",51.510662,-0.142345,17,true,false,false,2688
392,001220,"Imperial College, Knightsbridge",51.499428,-0.179702,33,true,false,false,1220
393,002699,"Snow Hill, Farringdon",51.517334,-0.103604,15,true,false,false,2699
394,002698,"Aberdeen Place, St. John's Wood",51.524826,-0.176268,18,true,false,false,2698
395,002695,"Cadogan Gardens, Chelsea",51.492462,-0.159919,15,true,false,false,2695
396,002693,"Shouldham Street, Marylebone",51.51809,-0.163609,16,true,false,false,2693
397,001227,"Devonshire Terrace, Bayswater",51.51348,-0.17977,16,true,false,false,1227
398,010631,"Holland Park, Kensington",51.502319,-0.200742,30,true,false,false,10631
399,002687,"Brick Lane Market, Shoreditch",51.522617,-0.071653,24,true,false,false,2687
400,001225,"George Street, Marylebone",51.517703,-0.154106,27,true,false,false,1225
401,002701,"Columbia Road, Shoreditch",51.528187,-0.075375,24,true,false,false,2701
402,010625,"Penfold Street, Marylebone",51.522892,-0.171681,15,true,false,false,10625
403,010630,"George Place Mews, Marylebone",51.516892,-0.158249,16,true,false,false,10630
404,001110,"Palace Gate, Kensington Gardens",51.502042,-0.1844,13,true,false,false,1110
405,001107,"Gloucester Road Station, South Kensington",51.494185,-0.18267,15,true,false,false,1107
408,001129,"Sun Street, Liverpool Street",51.520009,-0.083935,24,true,false,false,1129
409,010624,"Strata, Elephant & Castle",51.493146,-0.099828,41,true,false,false,10624
410,001058,"Orchard Place, Blackwall Tunnel",51.510212,0.004979,24,true,false,false,1058
411,010629,"Rotherhithe Roundabout, Rotherhithe",51.499169,-0.055846,19,true,false,false,10629
412,010628,"Cleaver Street, Kennington",51.488105,-0.110121,17,true,false,false,10628
419,022160,"Chelsea Bridge, Pimlico",51.485821,-0.149004,15,true,false,false,22160
423,022164,"Eaton Square (South), Belgravia",51.494561,-0.153933,31,true,false,true,22164
424,022159,"Ebury Bridge, Pimlico",51.490491,-0.149186,29,true,false,false,22159
426,022161,"Vincent Street, Pimlico",51.493072,-0.129925,17,true,false,false,22161
427,022180,"Cheapside, Bank",51.51397,-0.09294,43,true,false,false,22180
428,022179,"Exhibition Road, Knightsbridge",51.499917,-0.174554,20,true,false,false,22179
430,022182,"South Parade, Chelsea",51.48902,-0.17524,18,true,false,false,22182
431,022183,"Crinan Street, King's Cross",51.534474,-0.122203,20,true,false,false,22183
432,022158,"Exhibition Road Museums 1, South Kensington",51.496468,-0.173796,13,true,false,false,22158
433,022169,"Wren Street, Holborn",51.524564,-0.116279,33,true,false,false,22169
435,022170,"Kennington Station, Kennington",51.488852,-0.105593,23,true,false,false,22170
436,022171,"Red Lion Street, Holborn",51.51824,-0.11655,36,true,false,false,22171
437,200056,"Vauxhall Walk, Vauxhall",51.488124,-0.120903,27,true,false,false,200056
439,200053,"Killick Street, King's Cross",51.5338,-0.118677,22,true,false,false,200053
440,200032,"Kennington Oval, Oval",51.483145,-0.113134,33,true,false,false,200032
441,200039,"Sail Street, Vauxhall",51.495656,-0.114605,24,true,false,false,200039
442,200035,"Walmer Road, Avondale",51.510101,-0.211358,24,true,false,false,200035
443,200033,"Philpot Street, Whitechapel",51.515256,-0.058641,30,true,false,false,200033
444,200047,"Bethnal Green Garden, Bethnal Green",51.52568,-0.055312,24,true,false,false,200047
445,200003,"Cheshire Street, Bethnal Green",51.52388,-0.065076,28,true,false,false,200003
446,200042,"York Hall, Bethnal Green",51.528936,-0.055894,27,true,false,false,200042
447,200054,"Jubilee Crescent, Cubitt Town",51.493381,-0.007542,54,true,false,false,200054
448,022165,"Fisherman's Walk West, Canary Wharf",51.50623,-0.02296,36,true,false,false,22165
449,200020,"Shadwell Station, Shadwell",51.511088,-0.057159,35,true,false,false,200020
450,200002,"Jubilee Street, Stepney",51.515975,-0.053177,28,true,false,false,200002
451,200021,"Hermitage Court, Wapping",51.504719,-0.063531,16,true,false,false,200021
452,200049,"St. Katharine's Way, Tower",51.505697,-0.070542,24,true,false,false,200049
453,200045,"Garnet Street, Shadwell",51.508447,-0.055167,24,true,false,false,200045
454,200046,"Napier Avenue, Millwall",51.487679,-0.021582,20,true,false,false,200046
455,200031,"East Ferry Road, Cubitt Town",51.49447,-0.014409,17,true,false,false,200031
456,200118,"Albert Street, Camden Town",51.537706,-0.144801,26,true,false,false,200118
457,200016,"Castlehaven Road, Camden Town",51.542138,-0.145393,29,true,false,false,200016
458,200034,"Wapping Lane, Wapping",51.504749,-0.057544,28,true,false,false,200034
459,200014,"Gunmakers Lane, Old Ford",51.535179,-0.03338,17,true,false,false,200014
461,200013,"Aston Street, Stepney",51.516,-0.038775,26,true,false,true,200013
462,200105,"Bonny Street, Camden Town",51.541603,-0.138853,45,true,false,false,200105
463,200093,"Thurtle Road, Haggerston",51.534776,-0.071881,22,true,false,false,200093
464,200082,"St. Mary & St. Michael Church, Stepney",51.51417,-0.052099,25,true,false,false,200082
465,200152,"Pitfield Street North,Hoxton",51.53558,-0.08249,28,true,false,false,200152
466,200158,"Whiston Road, Haggerston",51.534464,-0.076341,21,true,false,false,200158
467,200168,"Southern Grove, Bow",51.523538,-0.030556,17,true,false,false,200168
468,200150,"Cantrell Road, Bow",51.521564,-0.022694,24,true,false,false,200150
469,022178,"Lindfield Street, Poplar",51.513757,-0.020467,44,true,false,false,22178
470,200174,"Mostyn Grove, Bow",51.530535,-0.025492,46,true,false,false,200174
471,200006,"Hewison Street, Old Ford",51.533283,-0.028155,19,true,false,false,200006
472,200019,"Malmesbury Road, Bow",51.529452,-0.027616,21,true,false,false,200019
473,022167,"Millharbour, Millwall",51.496137,-0.019355,19,true,false,false,22167
474,200155,"Gascoyne Road, Victoria Park",51.541515,-0.038557,20,true,false,false,200155
475,200004,"Lightermans Road, Millwall",51.499041,-0.020157,31,true,false,false,200004
476,200009,"Stebondale Street, Cubitt Town",51.489096,-0.009205,29,true,false,false,200009
477,200018,"Spindrift Avenue, Millwall",51.49109,-0.018716,36,true,false,false,200018
478,200012,"Stepney Green Station, Stepney",51.521889,-0.04667,21,true,false,false,200012
479,200156,"Pott Street, Bethnal Green",51.527152,-0.058005,20,true,false,false,200156
480,200115,"Flamborough Street, Limehouse",51.512871,-0.038986,25,true,false,false,200115
481,200022,"Saunders Ness Road, Cubitt Town",51.487129,-0.009001,35,true,false,false,200022
482,200052,"Exhibition Road Museums 2, South Kensington",51.495947,-0.173689,14,true,false,false,200052
483,022166,"Albert Gardens, Stepney",51.51328,-0.047784,33,true,false,false,22166
484,022172,"Bromley High Street, Bow",51.528828,-0.013258,24,true,false,false,22172
485,022173,"Old Ford Road, Bethnal Green",51.531127,-0.048017,24,true,false,false,22173
486,022174,"Granby Street, Shoreditch",51.525645,-0.069543,37,true,false,false,22174
487,022175,"Canton Street, Poplar",51.511811,-0.025626,23,true,false,false,22175
488,022176,"Reardon Street, Wapping",51.506946,-0.058681,22,true,false,false,22176
489,022177,"Christian Street, Whitechapel",51.513074,-0.064094,34,true,false,false,22177
490,200090,"Pennington Street, Wapping",51.508622,-0.065006,45,true,false,false,200090
491,200249,"Queen Mary's, Mile End",51.522507,-0.041378,45,true,false,false,200249
494,200233,"South Quay East, Canary Wharf",51.50196,-0.016251,36,true,false,false,200233
495,200252,"Bow Church Station, Bow",51.528169,-0.018703,39,true,false,false,200252
496,200255,"Devons Road, Bow",51.52512,-0.015578,39,true,false,false,200255
497,200242,"Merchant Street, Bow",51.526578,-0.027581,27,true,false,false,200242
498,200251,"Bow Road Station, Bow",51.527058,-0.025296,42,true,false,false,200251
499,200011,"Furze Green, Bow",51.519265,-0.021345,36,true,false,false,200011
500,200148,"Ansell House, Stepney",51.520019,-0.05438,41,true,false,false,200148
501,200073,"Cephas Street, Bethnal Green",51.522561,-0.054883,24,true,false,false,200073
502,200241,"Bonner Gate, Victoria Park",51.53341,-0.049591,21,true,false,false,200241
503,200250,"Cleveland Way, Stepney",51.520893,-0.051394,36,true,false,false,200250
504,200243,"St. John's Park, Cubitt Town",51.496454,-0.009506,30,true,false,false,200243
505,200038,"Ackroyd Drive, Bow",51.520398,-0.026768,29,true,false,false,200038
506,200036,"Bell Lane, Liverpool Street",51.517475,-0.075855,23,true,false,false,200036
507,200131,"Clarkson Street, Bethnal Green",51.528692,-0.059091,31,true,false,false,200131
508,200157,"Fournier Street, Whitechapel",51.519362,-0.074431,18,true,false,false,200157
509,200253,"Fore Street Avenue, Guildhall",51.517842,-0.090075,19,true,false,false,200253
510,200238,"Westferry DLR, Limehouse",51.509303,-0.025996,41,true,false,false,200238
511,200256,"Sutton Street, Shadwell",51.511066,-0.053558,33,true,false,false,200256
513,200162,"Watney Market, Stepney",51.514222,-0.055656,51,true,false,false,200162
514,200008,"Portman Square, Marylebone",51.516204,-0.155525,17,true,false,false,200008
515,200080,"Russell Gardens, Olympia",51.500088,-0.211316,24,true,false,false,200080
516,200089,"Chrisp Street Market, Poplar",51.5112,-0.014438,18,true,false,false,200089
517,200027,"Ford Road, Old Ford",51.532513,-0.033085,18,true,false,false,200027
518,200041,"Antill Road, Mile End",51.528224,-0.037471,30,true,false,false,200041
519,200254,"Teviot Street, Poplar",51.518811,-0.011662,33,true,false,false,200254
520,200234,"Bancroft Road, Bethnal Green",51.526041,-0.047218,21,true,false,false,200234
521,200030,"Driffield Road, Old Ford",51.534137,-0.037366,19,true,false,false,200030
522,200161,"Clinton Road, Mile End",51.525941,-0.036017,36,true,false,false,200161
523,200160,"Langdon Park, Poplar",51.51549,-0.013475,24,true,false,false,200160
524,200017,"Lancaster Gate , Bayswater",51.511654,-0.179668,38,true,false,false,200017
525,200153,"Blythe Road, Olympia",51.496927,-0.2135,24,true,false,false,200153
526,200143,"Lancaster Drive, Blackwall",51.503143,-0.008428,27,true,false,false,200143
527,200154,"Hansard Mews, Holland Park",51.503802,-0.215808,20,true,false,false,200154
528,200088,"Clarges Street, Mayfair",51.507326,-0.145827,16,true,false,false,200088
529,200010,"Manresa Road, Chelsea",51.486892,-0.170983,18,true,false,false,200010
530,200146,"Newby Place, Poplar",51.508896,-0.012413,18,true,false,false,200146
531,200167,"Twig Folly Bridge, Mile End",51.530326,-0.042744,21,true,false,false,200167
532,200163,"Jubilee Plaza, Canary Wharf",51.5034,-0.020242,63,true,false,false,200163
533,200165,"Wellington Row, Bethnal Green",51.528222,-0.069743,33,true,false,false,200165
534,200159,"Goldsmith's Row, Haggerston",51.531864,-0.066035,27,true,false,false,200159
536,200024,"Queensbridge Road, Haggerston",51.53385,-0.06992,35,true,false,false,200024
537,200239,"Old Montague Street, Whitechapel",51.51793,-0.067937,18,true,false,false,200239
538,200050,"Naval Row, Blackwall",51.508981,-0.00699,21,true,false,false,200050
539,200151,"Hoxton Station, Hoxton",51.531091,-0.075901,22,true,false,false,200151
541,200096,"Green Park Station, Mayfair",51.506613,-0.142844,28,true,false,false,200096
542,200147,"Salmon Lane, Limehouse",51.514115,-0.033828,33,true,false,false,200147
543,200065,"Lansdowne Walk, Ladbroke Grove",51.509591,-0.204666,21,true,false,false,200065
544,200051,"Percival Street, Finsbury",51.526153,-0.102208,22,true,false,false,200051
545,200070,"Arlington Road, Camden Town",51.539957,-0.145246,24,true,false,false,200070
546,200044,"New Fetter Lane, Holborn",51.517428,-0.107987,21,true,false,false,200044
547,200127,"East India DLR, Blackwall",51.509474,-0.002275,51,true,false,false,200127
548,200076,"Westminster Bridge Road, Elephant & Castle",51.498386,-0.107913,26,true,false,false,200076
549,200132,"Gaywood  Street, Elephant & Castle",51.49605,-0.104193,45,true,false,false,200132
550,200102,"Harford Street, Mile End",51.521564,-0.039264,23,true,false,false,200102
551,200066,"Import Dock, Canary Wharf",51.505772,-0.01646,39,true,false,false,200066
552,200149,"Watney Street, Shadwell",51.511542,-0.056667,27,true,false,false,200149
553,200064,"Regent's Row , Haggerston",51.535678,-0.062546,24,true,false,false,200064
554,200078,"Aberfeldy Street, Poplar",51.513548,-0.005659,16,true,false,false,200078
556,200138,"Heron Quays DLR, Canary Wharf",51.502661,-0.021596,27,true,false,false,200138
557,200203,"King Edward Street, St Pauls",51.51601,-0.0985,20,true,false,false,200203
558,200048,"Page Street, Westminster",51.493978,-0.127554,24,true,false,false,200048
559,200111,"Abbotsbury Road, Holland Park",51.501391,-0.205991,24,true,false,false,200111
560,200015,"Ladbroke Grove Central, Ladbroke Grove",51.511624,-0.205921,21,true,false,false,200015
561,200037,"Rectory Square, Stepney",51.518369,-0.043371,22,true,false,false,200037
562,200074,"Bury Place, Holborn",51.51742,-0.123189,21,true,false,false,200074
563,200232,"Preston's Road, Cubitt Town",51.499286,-0.009152,26,true,false,false,200232
564,200068,"Somerset House, Strand",51.509943,-0.117619,41,true,false,false,200068
565,200135,"Selby Street, Whitechapel",51.521905,-0.063386,17,true,false,false,200135
568,200110,"Bishop's Bridge Road West, Bayswater",51.51616,-0.18697,18,true,false,false,200110
569,200248,"Pitfield Street Central, Hoxton",51.53213,-0.08299,30,true,false,false,200248
570,200099,"Upper Bank Street, Canary Wharf",51.503083,-0.017676,36,true,false,false,200099
571,200061,"Westfield Southern Terrace ,Shepherd's Bush",51.506256,-0.218337,29,true,false,false,200061
572,200026,"Greenland Road, Camden Town",51.539099,-0.141728,36,true,false,false,200026
573,200001,"Limerston Street, West Chelsea",51.485587,-0.18119,18,true,false,false,200001
574,200246,"Eagle Wharf Road, Hoxton",51.53356,-0.09315,45,true,false,false,200246
576,200109,"Alpha Grove, Millwall",51.497304,-0.022793,23,true,false,false,200109
577,200247,"Globe Town Market, Bethnal Green",51.528869,-0.047548,20,true,false,false,200247
578,200244,"Hollybush Gardens, Bethnal Green",51.527607,-0.057133,32,true,false,false,200244
579,200128,"Queen Street 2, Bank",51.511246,-0.093051,36,true,false,false,200128
580,200084,"Doddington Grove, Kennington",51.486929,-0.102996,36,true,false,false,200084
581,200005,"New Cavendish Street, Marylebone",51.519167,-0.147983,18,true,false,false,200005
583,200231,"Abingdon Green, Westminster",51.49764,-0.125972,20,true,false,false,200231
584,200086,"Ilchester Gardens, Bayswater",51.51244,-0.19096,21,true,false,false,200086
586,200092,"Mudchute DLR, Cubitt Town",51.490645,-0.014582,31,true,false,false,200092
587,200101,"Monument Street, Monument",51.50964,-0.08497,22,true,false,false,200101
589,200060,"Drayton Gardens, West Chelsea",51.487196,-0.179369,18,true,false,false,200060
590,200236,"Greenberry Street, St.John's Wood",51.53256,-0.16862,26,true,false,false,200236
591,200227,"Westfield Library Corner, Shepherd's Bush",51.506093,-0.224223,27,true,false,false,200227
592,200108,"Bishop's Bridge Road East, Bayswater",51.5171,-0.18377,20,true,false,false,200108
593,200058,"Northdown Street, King's Cross",51.531066,-0.11934,21,true,false,false,200058
594,200226,"Kingsway Southbound, Strand",51.513875,-0.117774,33,true,false,false,200226
595,200142,"Hammersmith Road, Hammersmith",51.493267,-0.21985,22,true,false,false,200142
596,200237,"Parson's Green , Parson's Green",51.472817,-0.199783,21,true,false,false,200237
597,200229,"Fulham Park Road, Fulham",51.473471,-0.20782,27,true,false,false,200229
598,200166,"Southerton Road, Hammersmith",51.494499,-0.228188,38,true,false,false,200166
599,200235,"Manbre Road, Hammersmith",51.485743,-0.223616,28,true,false,false,200235
600,200133,"South Lambeth Road, Vauxhall",51.481747,-0.124642,21,true,false,false,200133
602,200211,"Union Grove, Wandsworth Road",51.472993,-0.133972,45,true,false,false,200211
603,200137,"Caldwell Street, Stockwell",51.477839,-0.116493,44,true,false,false,200137
604,200195,"St Martins Close, Camden Town",51.538792,-0.138535,18,true,false,false,200195
605,200198,"Seymour Place, Marylebone",51.520331,-0.163667,29,true,false,false,200198
606,200218,"Addison Road, Holland Park",51.504199,-0.210941,26,true,false,false,200218
607,200125,"Putney Bridge Station, Fulham",51.468814,-0.210279,21,true,false,false,200125
608,200224,"Colet Gardens, Hammersmith",51.491093,-0.216493,30,true,false,false,200224
609,200208,"Sugden Road, Clapham",51.465123,-0.157788,19,true,false,false,200208
610,200222,"Danvers Street, West Chelsea",51.482567,-0.172078,21,true,false,false,200222
611,200067,"Princedale Road , Holland Park",51.506465,-0.208486,20,true,false,false,200067
612,200175,"Wandsworth Rd, Isley Court, Wandsworth Road",51.469259,-0.141812,30,true,false,false,200175
613,200214,"Woodstock Grove, Shepherd's Bush",51.504038,-0.2174,24,true,false,false,200214
615,200029,"Finlay Street, Fulham",51.476885,-0.215895,24,true,false,false,200029
616,200098,"Aintree Street, Fulham",51.481021,-0.209973,24,true,false,false,200098
617,200028,"Elysium Place, Fulham",51.471079,-0.207842,21,true,false,false,200028
618,300003,"Eel Brook Common, Walham Green",51.476259,-0.193254,24,true,false,false,300003
619,300012,"Irene Road, Parsons Green",51.473763,-0.19701,23,true,false,false,300012
620,300010,"Surrey Lane, Battersea",51.47518,-0.16716,26,true,false,false,300010
621,200091,"Wandsworth Town Station, Wandsworth",51.460864,-0.187427,33,true,false,false,200091
622,200172,"Lansdowne Road, Ladbroke Grove",51.507481,-0.205535,29,true,false,false,200172
623,200186,"Nantes Close, Wandsworth",51.46193,-0.180791,22,true,false,false,200186
624,200173,"Courland Grove, Wandsworth Road",51.472918,-0.132102,40,true,false,false,200173
625,200190,"Queen's Circus, Battersea Park",51.477619,-0.149551,28,true,false,false,200190
626,300008,"Normand Park, West Kensington",51.484386,-0.204815,24,true,false,false,300008
627,200007,"Holden Street, Battersea",51.46879,-0.15823,20,true,false,false,200007
628,200062,"William Morris Way, Sands End",51.468819,-0.184318,26,true,false,false,200062
629,200187,"Morie Street, Wandsworth",51.459953,-0.190184,28,true,false,false,200187
630,200194,"Clarence Walk, Stockwell",51.470732,-0.126994,28,true,false,false,200194
631,200183,"Battersea Park Road, Nine Elms",51.479501,-0.14177,27,true,false,false,200183
632,200176,"Sheepcote Lane, Battersea",51.470538,-0.163041,28,true,false,false,200176
633,200116,"Vereker Road, West Kensington",51.489591,-0.209378,32,true,false,false,200116
634,300002,"Brook Green South, Brook Green",51.494347,-0.215804,33,true,false,false,300002
635,200215,"Greyhound Road, Hammersmith",51.486062,-0.214428,37,true,false,false,200215
636,200180,"South Park, Sands End",51.467064,-0.193502,28,true,false,false,200180
638,300014,"Falcon Road, Clapham Junction",51.466633,-0.169821,28,true,false,false,300014
640,200179,"Silverthorne Road, Battersea",51.472865,-0.148059,28,true,false,false,200179
641,300025,"Archbishop's Park, Waterloo",51.498241,-0.117495,23,true,false,false,300025
642,200192,"Fawcett Close, Battersea",51.469161,-0.174485,30,true,false,false,200192
643,300026,"All Saints' Road, Portobello",51.519042,-0.204764,22,true,false,false,300026
644,200182,"Rainville Road, Hammersmith",51.483732,-0.223852,36,true,false,false,200182
645,200200,"Great Suffolk Street, The Borough",51.501732,-0.100292,21,true,false,false,200200
646,200178,"Buckingham Gate, Westminster",51.498865,-0.137424,16,true,false,false,200178
647,200181,"Richmond Way, Shepherd's Bush",51.500353,-0.217515,27,true,false,false,200181
648,200171,"Peterborough Road, Sands End",51.46904,-0.196274,20,true,false,false,200171
649,300009,"World's End Place, West Chelsea",51.481805,-0.180274,22,true,false,false,300009
650,300034,"St. Mark's Road, North Kensington",51.51687,-0.213872,21,true,false,false,300034
651,300030,"Thorndike Close, West Chelsea",51.480898,-0.183853,25,true,false,false,300030
652,300022,"Evesham Street, Avondale",51.511486,-0.21819,20,true,false,false,300022
653,200196,"Simpson Street, Clapham Junction",51.470847,-0.170703,25,true,false,false,200196
654,200223,"Ashmole Estate, Oval",51.482678,-0.117661,34,true,false,false,200223
655,200221,"Crabtree Lane, Fulham",51.482944,-0.219346,27,true,false,false,200221
656,200040,"Broomhouse Lane, Parsons Green",51.468418,-0.199135,29,true,false,false,200040
657,200220,"Blythe Road West, Shepherd's Bush",51.49968,-0.221791,21,true,false,false,200220
658,300005,"Ethelburga Estate, Battersea Park",51.477292,-0.164786,30,true,false,false,300005
659,200212,"Blackfriars Station, St. Paul's",51.511934,-0.103078,35,true,false,false,200212
660,300020,"West Kensington Station, West Kensington",51.49087,-0.206029,22,true,false,false,300020
661,300023,"All Saints Church, Portobello",51.51632,-0.202608,37,true,false,false,300023
662,200189,"Phene Street, Chelsea",51.484984,-0.167919,24,true,false,false,200189
663,200124,"Clarendon Road, Avondale",51.51323,-0.211593,24,true,false,false,200124
664,300013,"Austin Road, Battersea Park",51.474376,-0.155442,24,true,false,false,300013
665,200113,"Smugglers Way, Wandsworth",51.461083,-0.191722,27,true,false,false,200113
666,300004,"Harris Academy, Bermondsey",51.492668,-0.07235,18,true,false,false,300004
667,200209,"Shepherd's Bush Road North, Shepherd's Bush",51.501594,-0.222293,34,true,false,false,200209
668,300037,"Ravenscourt Park Station, Hammersmith",51.494223,-0.236769,26,true,false,false,300037
669,300036,"Teversham Lane, Stockwell",51.476149,-0.123258,39,true,false,false,300036
670,200169,"Ashley Crescent, Battersea",51.467185,-0.152248,28,true,false,false,200169
671,300052,"Parsons Green Station, Parsons Green",51.475089,-0.201968,56,true,false,false,300052
672,200206,"Chicheley Street, South Bank",51.502698,-0.116747,24,true,false,false,200206
673,300051,"Hibbert Street, Battersea",51.46517,-0.180389,36,true,false,false,300051
674,300035,"Carnegie Street, King's Cross",51.535467,-0.116191,40,true,false,false,300035
675,200126,"Usk Road, Clapham Junction",51.463489,-0.182126,30,true,false,false,200126
676,200207,"Hartington Road, Stockwell",51.47787,-0.126874,35,true,false,false,200207
677,200023,"Heath Road, Battersea",51.468669,-0.146544,27,true,false,false,200023
678,200170,"Esmond Street, Putney",51.462312,-0.211468,30,true,false,false,200170
679,200114,"Orbel Street, Battersea",51.474535,-0.17021,26,true,false,false,200114
680,200210,"Westbridge Road, Battersea",51.477684,-0.170329,28,true,false,false,200210
681,200043,"Bishop's Avenue, Fulham",51.473036,-0.214749,46,true,false,false,200043
682,200059,"Crisp Road, Hammersmith",51.488108,-0.226606,46,true,false,false,200059
683,200119,"Dorothy Road, Clapham Junction",51.465064,-0.16375,28,true,false,false,200119
684,200188,"Neville Gill Close, Wandsworth",51.454752,-0.195197,32,true,false,false,200188
685,200219,"Osiers Road, Wandsworth",51.46067,-0.198735,30,true,false,false,200219
686,200097,"Beryl Road, Hammersmith",51.488144,-0.222456,26,true,false,false,200097
687,200216,"Clements Road, Bermondsey",51.4954,-0.061698,23,true,false,false,200216
688,200204,"Northfields, Wandsworth",51.460951,-0.200667,28,true,false,false,200204
689,200106,"Spanish Road, Clapham Junction",51.459225,-0.180884,30,true,false,false,200106
690,200199,"Stanley Grove, Battersea",51.470475,-0.15213,24,true,false,false,200199
691,200184,"Erin Close, Walham Green",51.479463,-0.195777,24,true,false,false,200184
692,200112,"Cadogan Close, Victoria Park",51.542118,-0.028941,22,true,false,false,200112
693,300019,"Felsham Road, Putney",51.464786,-0.215618,18,true,false,false,300019
694,300033,"Putney Rail Station, Putney",51.460717,-0.216526,20,true,false,false,300033
695,300031,"Islington Green, Angel",51.536384,-0.102757,21,true,false,false,300031
696,300018,"Charing Cross Hospital, Hammersmith",51.487285,-0.217995,21,true,false,false,300018
697,200129,"Charlotte Terrace, Angel",51.536392,-0.112721,25,true,false,false,200129
698,200121,"Shoreditch Court, Haggerston",51.539083,-0.070329,35,true,false,false,200121
699,200057,"Belford House, Haggerston",51.536654,-0.07023,39,true,false,false,200057
700,200201,"Battersea Church Road, Battersea",51.476964,-0.174347,25,true,false,false,200201
701,200077,"Vicarage Crescent, Battersea",51.472876,-0.176267,30,true,false,false,200077
702,200213,"Durant Street, Bethnal Green",51.528681,-0.06555,24,true,false,false,200213
703,200094,"St. Bride Street, Holborn",51.514665,-0.104583,24,true,false,false,200094
704,200063,"Mexfield Road, East Putney",51.45682,-0.202802,18,true,false,false,200063
705,300042,"Upper Richmond Road, Putney",51.459715,-0.212145,25,true,false,true,300042
706,200193,"Snowsfields, London Bridge",51.502153,-0.083632,31,true,false,false,200193
707,200197,"Barons Court Station, West Kensington",51.490217,-0.215087,32,true,false,false,200197
708,200217,"Disraeli Road, Putney",51.46161,-0.216145,33,true,false,false,200217
709,200205,"Montserrat Road , Putney",51.463211,-0.21555,23,true,false,false,200205
710,300045,"Albert Bridge Road, Battersea Park",51.474392,-0.163347,20,true,false,false,300045
711,300028,"Everington Street, Fulham",51.483356,-0.216305,31,true,false,false,300028
712,300056,"Mile End Stadium, Mile End",51.518541,-0.034903,22,true,false,false,300056
713,200122,"Hawley Crescent, Camden Town",51.541007,-0.14326,22,true,false,false,200122
714,300055,"Stewart's Road, Wandsworth Road",51.473116,-0.137235,28,true,false,false,300055
715,300049,"Aylward Street, Stepney",51.51563,-0.049067,22,true,false,false,300049
716,300048,"Stainsby Road , Poplar",51.515427,-0.023565,24,true,false,false,300048
717,300024,"Dunston Road , Haggerston",51.536585,-0.075885,43,true,false,false,300024
718,300040,"Ada Street, Hackney Central",51.535716,-0.060291,45,true,false,false,300040
719,300011,"Victoria Park Road, Hackney Central",51.536424,-0.054162,34,true,false,false,300011
720,300038,"Star Road, West Kensington",51.487244,-0.205279,23,true,false,false,300038
721,300039,"Wendon Street, Old Ford",51.536039,-0.026262,18,true,false,false,300039
722,300041,"Finnis Street, Bethnal Green",51.524583,-0.058631,19,true,false,false,300041
723,300053,"Stephendale Road, Sands End",51.46822,-0.190346,48,true,false,false,300053
724,300046,"Alma Road, Wandsworth",51.457991,-0.184806,28,true,false,false,300046
725,300050,"Walworth Square, Walworth",51.491327,-0.096518,24,true,false,false,300050
726,300047,"Alfreda Street, Battersea Park",51.47505,-0.150908,22,true,false,false,300047
727,300054,"Chesilton Road, Fulham",51.475698,-0.205876,23,true,false,false,300054
728,300044,"Putney Bridge Road, East Putney",51.461999,-0.20624,29,true,false,false,300044
729,300043,"St. Peter's Terrace, Fulham",51.478939,-0.208485,24,true,false,false,300043
730,300082,"Bridge Avenue, Hammersmith",51.492084,-0.229116,18,true,false,false,300082
731,300095,"Michael Road, Walham Green",51.477276,-0.18921,37,true,false,false,300095
732,300083,"Duke Street Hill, London Bridge",51.506304,-0.087262,21,true,false,false,300083
733,300093,"Park Lane, Mayfair",51.505426,-0.150817,18,true,false,false,300093
734,300094,"Plough Terrace, Clapham Junction",51.462305,-0.175407,31,true,false,false,300094
735,200120,"Grant Road East, Clapham Junction",51.464894,-0.173029,28,true,false,false,200120
736,300088,"Queensdale Road, Shepherd's Bush",51.50659,-0.216104,28,true,false,false,300088
737,300086,"Fulham Broadway, Walham Green",51.479932,-0.194116,26,true,false,false,300086
738,300087,"Imperial Road, Sands End",51.475142,-0.187278,37,true,false,false,300087
739,300091,"Hortensia Road, West Brompton",51.481765,-0.185273,28,true,false,false,300091
740,300084,"Sirdar Road, Avondale",51.510928,-0.214594,20,true,false,false,300084
741,300085,"Freston Road, Avondale",51.512981,-0.219486,23,true,false,false,300085
742,300090,"Blenheim Crescent, Ladbroke Grove",51.515108,-0.208565,22,true,false,false,300090
743,300078,"Oxford Road, Putney",51.460792,-0.212607,20,true,false,false,300078
744,300077,"Ingrave Street, Clapham Junction",51.467454,-0.172293,30,true,false,false,300077
745,300075,"Upcerne Road, West Chelsea",51.478169,-0.182435,29,true,false,false,300075
746,300076,"Lots Road, West Chelsea",51.479573,-0.179038,24,true,false,false,300076
747,300089,"Ormonde Gate, Chelsea",51.487964,-0.161765,24,true,false,false,300089
748,300092,"Hertford Road, De Beauvoir Town",51.537277,-0.079201,25,true,false,false,300092
749,300081,"Haggerston Road, Haggerston",51.539328,-0.074284,37,true,false,false,300081
750,300080,"Culvert Road, Battersea",51.471095,-0.15785,27,true,false,false,300080
751,300074,"Newton Street, Covent Garden",51.516128,-0.120909,24,true,false,false,300074
752,300079,"London Street, Paddington",51.515117,-0.173712,19,true,false,false,300079
753,300006,"Clapham South, Clapham South",51.452997,-0.148651,28,true,false,false,300006
754,300067,"Grenfell Road, Avondale",51.5129,-0.214762,24,true,false,false,300067
755,300058,"The Vale, Chelsea",51.485121,-0.174971,24,true,false,false,300058
756,300073,"Prince of Wales Drive, Battersea Park",51.475153,-0.159169,21,true,false,false,300073
757,300069,"Harcourt Terrace, West Brompton",51.487958,-0.187404,24,true,false,false,300069
758,300057,"Westbourne Park Road, Portobello",51.51787,-0.201005,23,true,false,false,300057
759,300072,"Broadley Terrace, Marylebone",51.524561,-0.165668,18,true,false,false,300072
760,300071,"Elgin Avenue, Maida Hill",51.524309,-0.201234,18,true,false,false,300071
761,300068,"Humbolt Road, Fulham",51.483217,-0.21186,26,true,false,false,300068
762,200202,"Storey's Gate, Westminster",51.500703,-0.129698,21,true,false,false,200202
763,300027,"Mile End Park Leisure Centre, Mile End",51.520597,-0.032566,47,true,false,false,300027
764,200185,"St. John's Road, Clapham Junction",51.462392,-0.168292,33,true,false,false,200185
765,300064,"Ranelagh Gardens, Fulham",51.467601,-0.206827,29,true,false,false,300064
766,200079,"Ram Street, Wandsworth",51.457529,-0.192165,25,true,false,false,200079
767,200177,"Santos Road, Wandsworth",51.457059,-0.200806,30,true,false,false,200177
768,300065,"Clapham Common North Side, Clapham Common",51.461343,-0.159322,37,true,false,false,300065
769,300001,"Sandilands Road, Walham Green",51.473611,-0.191803,21,true,false,false,300001
770,300097,"Gwendwr Road, West Kensington",51.491026,-0.209121,30,true,false,false,300097
771,300007,"Rifle Place, Avondale",51.509224,-0.216016,21,true,false,false,300007
772,300015,"Binfield Road, Stockwell",51.472509,-0.122831,35,true,false,false,300015
773,300096,"Tallis Street, Temple",51.511891,-0.107349,24,true,false,false,300096
774,300098,"Hurlingham Park, Parsons Green",51.470131,-0.20464,20,true,false,false,300098
775,300101,"Little Brook Green, Brook Green",51.496664,-0.223868,33,true,false,false,300101
776,300099,"Adeline Place, Bloomsbury",51.517632,-0.129985,22,true,false,false,300099
779,200072,"Houndsditch, Aldgate",51.514449,-0.077178,28,true,false,false,200072
780,300070,"Imperial Wharf Station, Sands End",51.474665,-0.183165,25,true,false,false,300070
782,300210,"Halford Road, West Kensington",51.483911,-0.197609,24,true,false,false,300210
783,300213,"Monier Road, Hackney Wick",51.540311,-0.02163,27,true,false,false,300213
784,300200,"East Village, Queen Elizabeth Olympic Park",51.546326,-0.009935,34,true,false,false,300200
785,300233,"Aquatic Centre, Queen Elizabeth Olympic Park",51.541482,-0.010437,30,true,false,false,300233
786,300029,"Lee Valley VeloPark, Queen Elizabeth Olympic Park",51.549369,-0.015717,44,true,false,false,300029
787,300227,"Timber Lodge, Queen Elizabeth Olympic Park",51.546805,-0.014691,35,true,false,false,300227
788,300226,"Copper Box Arena, Queen Elizabeth Olympic Park",51.544909,-0.020542,31,true,false,false,300226
789,300021,"Podium, Queen Elizabeth Olympic Park",51.538718,-0.011889,40,true,false,false,300021
790,300234,"Stratford Station, Stratford",51.541793,-0.00481,28,true,false,false,300234
792,300214,"Blackfriars Road, Southwark",51.505461,-0.10454,42,true,false,false,300214
793,300205,"Cromer Street, Bloomsbury",51.528279,-0.119558,28,true,false,false,300205
795,300203,"Euston Square Gardens, Euston",51.527068,-0.131861,30,true,false,false,300203
796,300201,"Coram Street, Bloomsbury",51.524,-0.126409,29,true,false,false,300201
797,300211,"Ossulston Street, Somers Town",51.5293,-0.128279,30,true,false,false,300211
798,300212,"Birkenhead Street, King's Cross",51.530199,-0.122299,27,true,false,false,300212
799,300202,"Kings Gate House, Westminster",51.497698,-0.137598,24,true,false,false,300202
800,300248,"Sopwith Way, Battersea Park",51.481121,-0.149035,30,true,false,false,300248
801,300208,"Lavington Street, Bankside",51.505224,-0.098031,29,true,false,false,300208
802,300209,"Albert Square, Stockwell",51.47659,-0.118256,32,true,false,false,300209
803,300238,"Southwark Street, Bankside",51.505409,-0.098341,23,true,false,false,300238
804,300243,"Good's Way, King's Cross",51.534667,-0.125078,27,true,false,false,300243
805,300244,"The Metropolitan, Portobello",51.520509,-0.200804,18,true,false,false,300244
807,300236,"Bevington Road West, North Kensington",51.5212,-0.208888,24,true,false,false,300236
808,300207,"Gauden Road, Clapham",51.464995,-0.130908,28,true,false,false,300207
809,300240,"Lincoln's Inn Fields, Holborn",51.516277,-0.118272,28,true,false,false,300240
810,300237,"Tate Modern, Bankside",51.506725,-0.098807,30,true,false,false,300237
811,300228,"Westferry Circus, Canary Wharf",51.505703,-0.027772,36,true,false,false,300228
812,300217,"Here East North, Queen Elizabeth Olympic Park",51.548731,-0.022606,28,true,false,false,300217
813,300224,"New Spring Gardens Walk, Vauxhall",51.487807,-0.122759,33,true,false,false,300224
814,300245,"Clapham Road, Lingham Street, Stockwell",51.471433,-0.12367,30,true,false,false,300245
815,300231,"Lambeth Palace Road, Waterloo",51.500089,-0.116628,35,true,false,false,300231
816,300219,"Here East South, Queen Elizabeth Olympic Park",51.546532,-0.020597,20,true,false,false,300219
818,300249,"Westminster Pier, Westminster",51.501513,-0.123823,27,true,false,false,300249
819,300246,"Belvedere Road 2, South Bank",51.50621,-0.114842,38,true,false,false,300246
820,300239,"Victory Place, Walworth",51.492807,-0.091938,24,true,false,false,300239
821,300221,"Battersea Power Station, Battersea Park",51.483507,-0.147714,27,true,false,false,300221
826,300242,"Allington Street, Victoria",51.496863,-0.142943,28,true,false,false,300242
827,300247,"Cranmer Road, Stockwell",51.479601,-0.111471,24,true,false,false,300247
828,300225,"Normandy Road, Stockwell",51.473874,-0.11258,32,true,false,false,300225
829,300230,"Wynne Road, Stockwell",51.469217,-0.112686,25,true,false,false,300230
830,300229,"Sidney Road, Stockwell",51.469202,-0.119022,27,true,false,false,300229
831,300215,"St John's Crescent, Brixton",51.466232,-0.113179,25,true,false,false,300215
832,200240,"Ferndale Road, Brixton",51.464019,-0.115781,30,true,false,false,200240
833,300206,"Saltoun Road, Brixton",51.460232,-0.115375,42,true,false,false,300206
834,300216,"Gas Holders, Battersea Park",51.477966,-0.147857,26,true,false,false,300216
835,300220,"Farringdon Street, Holborn",51.516785,-0.104947,25,true,false,false,300220
836,300235,"York Way, Kings Cross",51.541596,-0.125441,24,true,false,false,300235
838,300222,"Fore Street, Guildhall",51.518093,-0.091401,25,true,false,false,300222
839,200144,"Sea Containers, South Bank",51.508033,-0.106823,30,true,false,false,200144
840,002679,"George Row, Bermondsey",51.498585,-0.068981,22,true,false,false,2679
841,002667,"Tower Wharf, Bermondsey",51.500845,-0.074704,20,true,false,false,2667
842,300250,"Temple Gardens, Temple",51.510981,-0.108322,24,true,false,false,300250
844,300252,"Canada Water Station, Rotherhithe",51.498439,-0.04915,35,true,false,false,300252
845,300253,"Bermondsey Station, Bermondsey",51.497995,-0.063471,30,true,false,false,300253
846,300063,"Burgess Park Albany Road, Walworth",51.48224,-0.094284,30,true,false,false,300063
847,300062,"South Bermondsey Station, Bermondsey",51.488067,-0.057774,24,true,false,false,300062
849,300061,"Crimscott Street, Bermondsey",51.495598,-0.078893,19,true,false,false,300061
850,300060,"Brandon Street, Walworth",51.489102,-0.091548,22,true,false,false,300060
851,300059,"The Blue, Bermondsey",51.492221,-0.062513,22,true,false,false,300059
852,200081,"Coomer Place, West Kensington",51.48357,-0.202038,27,true,false,false,200081
857,001100,"Strand, Strand",51.512582,-0.115057,35,true,false,false,1100
864,003429,"Abbey Orchard Street, Westminster",51.498125,-0.132102,29,true,false,false,3429
865,001020,"Leonard Circus , Shoreditch",51.524696,-0.084439,43,true,false,false,1020
866,300100,"Limburg Road, Clapham Junction",51.461923,-0.165297,21,true,false,false,300100
867,200083,"Pritchard's Road, Bethnal Green",51.532091,-0.061419,30,true,false,false,200083
868,001190,"Kennington Lane Rail Bridge, Vauxhall",51.486343,-0.122492,31,true,false,false,1190
869,001059,"Albert Embankment, Vauxhall",51.490435,-0.122806,24,true,false,false,1059
870,001219,"Lower Marsh, Waterloo",51.500139,-0.113935,17,true,false,false,1219
872,001127,"Risinghill Street, Angel",51.533319,-0.111781,25,true,false,false,1127
873,001111,"St. Pancras Way, Camden Town",51.537071,-0.13285,20,true,false,false,1111
874,300241,"Handyside Street, King's Cross",51.53724,-0.124807,27,true,false,false,300241
875,300204,"Victoria Rise, Clapham Common",51.461376,-0.147804,23,true,false,false,300204
876,001085,"Old Quebec Street, Marylebone",51.514577,-0.158264,16,true,false,false,1085
877,200191,"Spencer Park, Wandsworth Common",51.45787,-0.174691,25,true,false,false,200191
878,300032,"Victoria & Albert Museum, South Kensington",51.495898,-0.173009,30,true,false,false,300032
879,200136,"BBC White City, White City",51.514767,-0.225786,36,true,false,false,200136
881,200134,"Albany Street, The Regent's Park",51.528302,-0.144465,27,true,false,false,200134
882,200230,"Maplin Street, Mile End",51.525501,-0.032267,39,true,false,false,200230
883,200025,"London Fields, Hackney Central",51.54119,-0.058826,21,true,false,false,200025
884,200141,"Westfield Ariel Way, White City",51.509158,-0.224103,42,true,false,false,200141
885,200145,"Gloucester Avenue, Camden Town",51.537349,-0.147154,24,true,false,false,200145
887,001188,"London Zoo Car Park, The Regent's Park",51.536922,-0.150181,36,true,false,false,1188
888,001068,"Norton Folgate, Liverpool Street",51.521113,-0.078869,23,true,false,false,1068
889,300066,"Horse Guards Avenue, Westminster",51.505031,-0.123,29,true,false,false,300066
890,200123,"Burdett Road, Mile End",51.516196,-0.029137,33,true,false,false,200123
366,001230,"Millennium Hotel, Mayfair",51.510919,-0.151126,27,true,false,false,1230
